{
    "loss": [
        0.6671490669250488,
        0.5541172027587891,
        0.4248737096786499,
        0.37745144963264465,
        0.2868810296058655,
        0.23369939625263214,
        0.20343178510665894,
        0.18480929732322693,
        0.1407090425491333,
        0.09448423981666565,
        0.09460995346307755
    ],
    "accuracy": [
        0.582619309425354,
        0.7169522643089294,
        0.8096694946289062,
        0.835679292678833,
        0.8837209343910217,
        0.9109547138214111,
        0.9204406142234802,
        0.9271726012229919,
        0.9510403871536255,
        0.9666462540626526,
        0.9641982913017273
    ],
    "val_loss": [
        0.6083160638809204,
        0.5947607159614563,
        0.5467658042907715,
        0.35498151183128357,
        0.34791404008865356,
        0.3617866039276123,
        0.3644081652164459,
        0.33793142437934875,
        0.37022629380226135,
        0.41293373703956604,
        0.3972412347793579
    ],
    "val_accuracy": [
        0.7225274443626404,
        0.7005494236946106,
        0.7197802066802979,
        0.8543956279754639,
        0.843406617641449,
        0.8379120826721191,
        0.8626373410224915,
        0.8708791136741638,
        0.8571428656578064,
        0.8763736486434937,
        0.8708791136741638
    ]
}