{
    "loss": [
        0.6658056974411011,
        0.5654670000076294,
        0.5019364953041077,
        0.390419602394104,
        0.32809680700302124,
        0.2764902114868164,
        0.23122480511665344,
        0.19062763452529907,
        0.16564901173114777
    ],
    "accuracy": [
        0.5917602777481079,
        0.7141073942184448,
        0.7602996230125427,
        0.829275906085968,
        0.8614231944084167,
        0.8888888955116272,
        0.9069912433624268,
        0.9247815012931824,
        0.9353932738304138
    ],
    "val_loss": [
        0.6213497519493103,
        0.48380452394485474,
        0.4262177050113678,
        0.37550482153892517,
        0.3251967430114746,
        0.2869246304035187,
        0.2993786931037903,
        0.3370705246925354,
        0.3252495527267456
    ],
    "val_accuracy": [
        0.6348314881324768,
        0.7780898809432983,
        0.8286516666412354,
        0.8258426785469055,
        0.8567415475845337,
        0.882022500038147,
        0.8707864880561829,
        0.8707864880561829,
        0.8707864880561829
    ]
}